{"count":1,"self":14.5836048,"total":71.4891497,"children":{"AgentSendState":{"count":4401,"self":0.63800269999999992,"total":1.5952305999999998,"children":{"CollectObservations":{"count":15858,"self":0.1667208,"total":0.1667208,"children":null},"CollectDiscreteActionMasks":{"count":15858,"self":0.0647737,"total":0.0647737,"children":null},"AgentInfo.ToProto":{"count":15858,"self":0.24967779999999998,"total":0.7257334,"children":{"GenerateSensorData":{"count":15858,"self":0.47605559999999997,"total":0.47605559999999997,"children":null}}}}},"DecideAction":{"count":4401,"self":53.070319999999995,"total":53.070321,"children":null},"AgentAct":{"count":4401,"self":2.1426936,"total":2.2359918,"children":{"AgentInfo.ToProto":{"count":1196,"self":0.0230358,"total":0.0932983,"children":{"GenerateSensorData":{"count":1196,"self":0.070262499999999992,"total":0.070262499999999992,"children":null}}}}}},"gauges":{"FunnelBehavior.CumulativeReward":{"count":1196,"max":1.903485,"min":-1.18436193,"runningAverage":0.206559286,"value":0.08554944,"weightedAverage":0.3458608}},"metadata":{"timer_format_version":"0.1.0","start_time_seconds":"1595258070","unity_version":"2019.4.1f1","command_line_arguments":"C:\\Program Files\\Unity\\Hub\\Editor\\2019.4.1f1\\Editor\\Unity.exe -projectpath C:\/Users\/kamiyama\/Desktop\/ml-ex02 -useHub -hubIPC -cloudEnvironment production -hubSessionId 49bf80b0-ca46-11ea-85a0-f5ea4d3f340f -accessToken L7XKu95etg9mVHg7ZKUBJ2nke4o0GVAOB0A9V4aGN6Q00ef","communication_protocol_version":"1.0.0","com.unity.ml-agents_version":"1.0.3","scene_name":"SampleScene","end_time_seconds":"1595258141"}}